<?xml version="1.0" encoding="UTF-8"?>
<rss version="2.0" xmlns:ror="http://rorweb.com/0.1/" >
<channel>
  <title>ROR Sitemap for http://www.cygnusrh.com.br/</title>
  <link>http://www.cygnusrh.com.br/</link>

<item>
     <link>http://www.cygnusrh.com.br/</link>
     <title>Cygnus Recursos Humanos * Bem vindo</title>
     <description>Cygnus Recursos Humanos. Agencia de empregos em Mogi Guaçu. Trabalhamos vagas de emprego em toda a região da Baixa Mogiana (Mogi Guaçu, Mogi Mirim, Itapira Socorro, Jacutinga, Estiva Gerbi e ABC Paulista</description>
     <ror:updatePeriod></ror:updatePeriod>
     <ror:sortOrder>0</ror:sortOrder>
     <ror:resourceOf>sitemap</ror:resourceOf>
</item>
<item>
     <link>http://www.cygnusrh.com.br/index.html</link>
     <title>Cygnus Recursos Humanos * Bem vindo</title>
     <description>Cygnus Recursos Humanos. Agencia de empregos em Mogi Guaçu. Trabalhamos vagas de emprego em toda a região da Baixa Mogiana (Mogi Guaçu, Mogi Mirim, Itapira Socorro, Jacutinga, Estiva Gerbi e ABC Paulista</description>
     <ror:updatePeriod></ror:updatePeriod>
     <ror:sortOrder>1</ror:sortOrder>
     <ror:resourceOf>sitemap</ror:resourceOf>
</item>
<item>
     <link>http://www.cygnusrh.com.br/vagas.html</link>
     <title>Vagas * Cygnus Recursos Humanos</title>
     <description>Vagas * Cygnus Recursos Humanos</description>
     <ror:updatePeriod></ror:updatePeriod>
     <ror:sortOrder>1</ror:sortOrder>
     <ror:resourceOf>sitemap</ror:resourceOf>
</item>
<item>
     <link>http://www.cygnusrh.com.br/sobre.html</link>
     <title>Sobre * Cygnus Recursos Humanos</title>
     <description>Sobre * Cygnus Recursos Humanos</description>
     <ror:updatePeriod></ror:updatePeriod>
     <ror:sortOrder>1</ror:sortOrder>
     <ror:resourceOf>sitemap</ror:resourceOf>
</item>
<item>
     <link>http://www.cygnusrh.com.br/servicos.html</link>
     <title>Serviços * Cygnus Recursos Humanos</title>
     <description>Agencia de empregos em Mogi Guaçu. Trabalhamos vagas de emprego em toda a região da Baixa Mogiana (Mogi Guaçu, Mogi Mirim, Itapira Socorro, Jacutinga, Estiva Gerbi e ABC Paulista</description>
     <ror:updatePeriod></ror:updatePeriod>
     <ror:sortOrder>1</ror:sortOrder>
     <ror:resourceOf>sitemap</ror:resourceOf>
</item>
<item>
     <link>http://www.cygnusrh.com.br/contato.html</link>
     <title>Contato * Cygnus Recursos Humanos</title>
     <description>Contato * Cygnus Recursos Humanos</description>
     <ror:updatePeriod></ror:updatePeriod>
     <ror:sortOrder>1</ror:sortOrder>
     <ror:resourceOf>sitemap</ror:resourceOf>
</item>
</channel>
</rss>
  